{
  "graph": "2x2_grid",
  "p": 2,
  "gammas": [
    0.785225646103873,
    0.3928196816782578
  ],
  "betas": [
    -0.39267833695452886,
    0.7853350468677492
  ],
  "energy": -3.99999968851429,
  "approx_ratio": 1.0000000000000007,
  "counts": {
    "1001": 0.5020000000000003,
    "0110": 0.4980000000000004
  }
}